"CODE"        ,"TITLE"             ,"CREATE_TIME" ,"CATALOG","hit"    ,"author"
"lemon-0-8-0" ,"LemonOA 0.8.0发布" ,"2013-11-14"  ,"news"   ,0        ,"lingo"
"lemon-0-9-0" ,"LemonOA 0.9.0发布" ,"2013-12-31"  ,"news"   ,0        ,"lingo"
"lemon-1-0-0" ,"LemonOA 1.0.0发布" ,"2014-02-10"  ,"news"   ,0        ,"lingo"
"lemon-1-0-1" ,"LemonOA 1.0.1发布" ,"2014-02-13"  ,"news"   ,0        ,"lingo"
"lemon-1-1-0" ,"LemonOA 1.1.0发布" ,"2014-03-31"  ,"news"   ,0        ,"lingo"
"lemon-1-2-0" ,"LemonOA 1.2.0发布" ,"2014-06-11"  ,"news"   ,0        ,"lingo"
"lemon-1-3-0" ,"LemonOA 1.3.0发布" ,"2014-08-29"  ,"news"   ,0        ,"lingo"
"lemon-1-3-1" ,"LemonOA 1.3.1发布" ,"2014-09-12"  ,"news"   ,0        ,"lingo"
"lemon-1-4-0" ,"LemonOA 1.4.0发布" ,"2014-11-26"  ,"news"   ,0        ,"lingo"
"lemon-1-5-0" ,"LemonOA 1.5.0发布" ,"2015-07-27"  ,"news"   ,0        ,"lingo"
"lemon-1-5-1" ,"LemonOA 1.5.1发布" ,"2015-08-10"  ,"news"   ,0        ,"lingo"
"lemon-1-6-0" ,"LemonOA 1.6.0发布" ,"2015-10-30"  ,"news"   ,0        ,"lingo"
"lemon-1-6-1" ,"LemonOA 1.6.1发布" ,"2015-12-03"  ,"news"   ,0        ,"lingo"
"lemon-1-7-0" ,"LemonOA 1.7.0发布" ,"2016-06-07"  ,"news"   ,0        ,"lingo"
"lemon-1-8-0" ,"LemonOA 1.8.0发布" ,"2017-04-08"  ,"news"   ,0        ,"lingo"
"lemon-1-9-0" ,"LemonOA 1.9.0发布" ,"2018-07-06"  ,"news"   ,0        ,"lingo"
"lemon-1-10-0","LemonOA 1.10.0发布","2019-03-30"  ,"news"   ,0        ,"lingo"
"lemon-1-11-0","LemonOA 1.11.0发布","2020-06-28"  ,"news"   ,0        ,"lingo"
